X1,OTU,Sample,Abundance,collection_date,biome,target_gene,feature,pool_comp,SampleID,experimental_factor,loci,Phylum,Class,Order,Family,Genus
678,ATTAATTCCTATAATAATAGGATGCCCTGATATATCATTCCCACGATTAAATAATATTAGATTTTGATTATTACCTCCTTCATTAATAATAATAATTTGTAGTTTTATAATTAATAACGGAACAGGAACAGGATGAACAATTTATCCCCCTTTATCTAATAATATTGCTCATAATAATATTTCAGTTGATTTAACAATTTTTTCTCTACATTTAGCAGGAATCTCATCAATTT,Pool-07-500,0.660421292313399,10/11/2017,Laboratory,COI_12s_18s,Pool-0500,2.3,Pool-07-500,O,COI-Eukaryota,Arthropoda,Insecta,Hemiptera,Aphididae,Rhopalosiphum
672,ATTAATTCCTATAATAATAGGATGCCCTGATATATCATTCCCACGATTAAATAATATTAGATTTTGATTATTACCTCCTTCATTAATAATAATAATTTGTAGTTTTATAATTAATAACGGAACAGGAACAGGATGAACAATTTATCCCCCTTTATCTAATAATATTGCTCATAATAATATTTCAGTTGATTTAACAATTTTTTCTCTACATTTAGCAGGAATCTCATCAATTT,Pool-02-100,0.606534303772548,10/11/2017,Laboratory,COI_12s_18s,Pool-0100,2.1,Pool-02-100,O,COI-Eukaryota,Arthropoda,Insecta,Hemiptera,Aphididae,Rhopalosiphum
671,ATTAATTCCTATAATAATAGGATGCCCTGATATATCATTCCCACGATTAAATAATATTAGATTTTGATTATTACCTCCTTCATTAATAATAATAATTTGTAGTTTTATAATTAATAACGGAACAGGAACAGGATGAACAATTTATCCCCCTTTATCTAATAATATTGCTCATAATAATATTTCAGTTGATTTAACAATTTTTTCTCTACATTTAGCAGGAATCTCATCAATTT,Pool-12-1000,0.577407341907497,10/11/2017,Laboratory,COI_12s_18s,Pool-1000,2.4,Pool-12-1000,O,COI-Eukaryota,Arthropoda,Insecta,Hemiptera,Aphididae,Rhopalosiphum
663,ATTAATTCCTATAATAATAGGATGCCCTGATATATCATTCCCACGATTAAATAATATTAGATTTTGATTATTACCTCCTTCATTAATAATAATAATTTGTAGTTTTATAATTAATAACGGAACAGGAACAGGATGAACAATTTATCCCCCTTTATCTAATAATATTGCTCATAATAATATTTCAGTTGATTTAACAATTTTTTCTCTACATTTAGCAGGAATCTCATCAATTT,Pool-08-500,0.306477937699054,10/11/2017,Laboratory,COI_12s_18s,Pool-0500,3.3,Pool-08-500,O,COI-Eukaryota,Arthropoda,Insecta,Hemiptera,Aphididae,Rhopalosiphum
675,ATTAATTCCTATAATAATAGGATGCCCTGATATATCATTCCCACGATTAAATAATATTAGATTTTGATTATTACCTCCTTCATTAATAATAATAATTTGTAGTTTTATAATTAATAACGGAACAGGAACAGGATGAACAATTTATCCCCCTTTATCTAATAATATTGCTCATAATAATATTTCAGTTGATTTAACAATTTTTTCTCTACATTTAGCAGGAATCTCATCAATTT,Pool-10-500,0.240022262373363,10/11/2017,Laboratory,COI_12s_18s,Pool-0500,5.3,Pool-10-500,O,COI-Eukaryota,Arthropoda,Insecta,Hemiptera,Aphididae,Rhopalosiphum
996,ATTAGTACCTCTCATAATTGGAGCCCCTGATATAGCATTCCCACGACTCAACAATTTAAGCTTCTGATTACTTATTCCTTCATTATATTTGCTAATCATAAGAAGATTAATTGACCAGGGAGTAGGAACAGGATGAACAGTTTACCCTCCTCTTTCAAACTCTGTCTTCCATAGTGGCTACTCAGTAGACATGTCAATTTTTTCTTTACACTTAGCAGGAATTTCCTCAATTT,Pool-01-100,0.237136062347944,10/11/2017,Laboratory,COI_12s_18s,Pool-0100,1.1,Pool-01-100,O,COI-Eukaryota,Arthropoda,Insecta,Hemiptera,Psyllidae,Acizzia
683,ATTAATTCCTATAATAATAGGATGCCCTGATATATCATTCCCACGATTAAATAATATTAGATTTTGATTATTACCTCCTTCATTAATAATAATAATTTGTAGTTTTATAATTAATAACGGAACAGGAACAGGATGAACAATTTATCCCCCTTTATCTAATAATATTGCTCATAATAATATTTCAGTTGATTTAACAATTTTTTCTCTACATTTAGCAGGAATCTCATCAATTT,Pool-03-100,0.19391392211216,10/11/2017,Laboratory,COI_12s_18s,Pool-0100,3.1,Pool-03-100,O,COI-Eukaryota,Arthropoda,Insecta,Hemiptera,Aphididae,Rhopalosiphum
681,ATTAATTCCTATAATAATAGGATGCCCTGATATATCATTCCCACGATTAAATAATATTAGATTTTGATTATTACCTCCTTCATTAATAATAATAATTTGTAGTTTTATAATTAATAACGGAACAGGAACAGGATGAACAATTTATCCCCCTTTATCTAATAATATTGCTCATAATAATATTTCAGTTGATTTAACAATTTTTTCTCTACATTTAGCAGGAATCTCATCAATTT,Pool-13-1000,0.181049778032931,10/11/2017,Laboratory,COI_12s_18s,Pool-1000,3.4,Pool-13-1000,O,COI-Eukaryota,Arthropoda,Insecta,Hemiptera,Aphididae,Rhopalosiphum
509,ATTAATCCCTATAATAATAGGTTGCCCTGATATATCATTCCCACGTTTAAATAACATTAGATTTTGATTATTACCCCCATCATTAATAATAATAATTTGTAGTTTTTTAATTAATAATGGAACAGGAACAGGATGAACTATTTATCCACCTTTATCAAATAACATTGCACATAACAATATTTCAGTTGATTTAACTATTTTTTCATTACATTTAGCAGGAATCTCCTCAATTT,Pool-10-500,0.125465143791271,10/11/2017,Laboratory,COI_12s_18s,Pool-0500,5.3,Pool-10-500,O,COI-Eukaryota,Arthropoda,Insecta,Hemiptera,Aphididae,Metopolophium
665,ATTAATTCCTATAATAATAGGATGCCCTGATATATCATTCCCACGATTAAATAATATTAGATTTTGATTATTACCTCCTTCATTAATAATAATAATTTGTAGTTTTATAATTAATAACGGAACAGGAACAGGATGAACAATTTATCCCCCTTTATCTAATAATATTGCTCATAATAATATTTCAGTTGATTTAACAATTTTTTCTCTACATTTAGCAGGAATCTCATCAATTT,Pool-15-1000,0.122048813099847,10/11/2017,Laboratory,COI_12s_18s,Pool-1000,5.4,Pool-15-1000,O,COI-Eukaryota,Arthropoda,Insecta,Hemiptera,Aphididae,Rhopalosiphum
496,ATTAATCCCTATAATAATAGGTTGCCCTGATATATCATTCCCACGTTTAAATAACATTAGATTTTGATTATTACCCCCATCATTAATAATAATAATTTGTAGTTTTTTAATTAATAATGGAACAGGAACAGGATGAACTATTTATCCACCTTTATCAAATAACATTGCACATAACAATATTTCAGTTGATTTAACTATTTTTTCATTACATTTAGCAGGAATCTCCTCAATTT,Pool-14-1000,0.120593203210718,10/11/2017,Laboratory,COI_12s_18s,Pool-1000,4.4,Pool-14-1000,O,COI-Eukaryota,Arthropoda,Insecta,Hemiptera,Aphididae,Metopolophium
1010,ATTAGTACCTCTCATAATTGGAGCCCCTGATATAGCATTCCCACGACTCAACAATTTAAGCTTCTGATTACTTATTCCTTCATTATATTTGCTAATCATAAGAAGATTAATTGACCAGGGAGTAGGAACAGGATGAACAGTTTACCCTCCTCTTTCAAACTCTGTCTTCCATAGTGGCTACTCAGTAGACATGTCAATTTTTTCTTTACACTTAGCAGGAATTTCCTCAATTT,Pool-09-500,0.120232568396548,10/11/2017,Laboratory,COI_12s_18s,Pool-0500,4.3,Pool-09-500,O,COI-Eukaryota,Arthropoda,Insecta,Hemiptera,Psyllidae,Acizzia
494,ATTAATCCCTATAATAATAGGTTGCCCTGATATATCATTCCCACGTTTAAATAACATTAGATTTTGATTATTACCCCCATCATTAATAATAATAATTTGTAGTTTTTTAATTAATAATGGAACAGGAACAGGATGAACTATTTATCCACCTTTATCAAATAACATTGCACATAACAATATTTCAGTTGATTTAACTATTTTTTCATTACATTTAGCAGGAATCTCCTCAATTT,Pool-05-100,0.10058156604304,10/11/2017,Laboratory,COI_12s_18s,Pool-0100,5.1,Pool-05-100,O,COI-Eukaryota,Arthropoda,Insecta,Hemiptera,Aphididae,Metopolophium
686,ATTAATTCCTATAATAATAGGATGCCCTGATATATCATTCCCACGATTAAATAATATTAGATTTTGATTATTACCTCCTTCATTAATAATAATAATTTGTAGTTTTATAATTAATAACGGAACAGGAACAGGATGAACAATTTATCCCCCTTTATCTAATAATATTGCTCATAATAATATTTCAGTTGATTTAACAATTTTTTCTCTACATTTAGCAGGAATCTCATCAATTT,Pool-14-1000,0.0908671753190506,10/11/2017,Laboratory,COI_12s_18s,Pool-1000,4.4,Pool-14-1000,O,COI-Eukaryota,Arthropoda,Insecta,Hemiptera,Aphididae,Rhopalosiphum
682,ATTAATTCCTATAATAATAGGATGCCCTGATATATCATTCCCACGATTAAATAATATTAGATTTTGATTATTACCTCCTTCATTAATAATAATAATTTGTAGTTTTATAATTAATAACGGAACAGGAACAGGATGAACAATTTATCCCCCTTTATCTAATAATATTGCTCATAATAATATTTCAGTTGATTTAACAATTTTTTCTCTACATTTAGCAGGAATCTCATCAATTT,Pool-04-100,0.0801124113213254,10/11/2017,Laboratory,COI_12s_18s,Pool-0100,4.1,Pool-04-100,O,COI-Eukaryota,Arthropoda,Insecta,Hemiptera,Aphididae,Rhopalosiphum
1011,ATTAGTACCTCTCATAATTGGAGCCCCTGATATAGCATTCCCACGACTCAACAATTTAAGCTTCTGATTACTTATTCCTTCATTATATTTGCTAATCATAAGAAGATTAATTGACCAGGGAGTAGGAACAGGATGAACAGTTTACCCTCCTCTTTCAAACTCTGTCTTCCATAGTGGCTACTCAGTAGACATGTCAATTTTTTCTTTACACTTAGCAGGAATTTCCTCAATTT,Pool-06-500,0.0797413152777824,10/11/2017,Laboratory,COI_12s_18s,Pool-0500,1.3,Pool-06-500,O,COI-Eukaryota,Arthropoda,Insecta,Hemiptera,Psyllidae,Acizzia
991,ATTAGTACCTCTCATAATTGGAGCCCCTGATATAGCATTCCCACGACTCAACAATTTAAGCTTCTGATTACTTATTCCTTCATTATATTTGCTAATCATAAGAAGATTAATTGACCAGGGAGTAGGAACAGGATGAACAGTTTACCCTCCTCTTTCAAACTCTGTCTTCCATAGTGGCTACTCAGTAGACATGTCAATTTTTTCTTTACACTTAGCAGGAATTTCCTCAATTT,Pool-11-1000,0.0793095578249735,10/11/2017,Laboratory,COI_12s_18s,Pool-1000,1.4,Pool-11-1000,O,COI-Eukaryota,Arthropoda,Insecta,Hemiptera,Psyllidae,Acizzia
495,ATTAATCCCTATAATAATAGGTTGCCCTGATATATCATTCCCACGTTTAAATAACATTAGATTTTGATTATTACCCCCATCATTAATAATAATAATTTGTAGTTTTTTAATTAATAATGGAACAGGAACAGGATGAACTATTTATCCACCTTTATCAAATAACATTGCACATAACAATATTTCAGTTGATTTAACTATTTTTTCATTACATTTAGCAGGAATCTCCTCAATTT,Pool-15-1000,0.0697698255888223,10/11/2017,Laboratory,COI_12s_18s,Pool-1000,5.4,Pool-15-1000,O,COI-Eukaryota,Arthropoda,Insecta,Hemiptera,Aphididae,Metopolophium
670,ATTAATTCCTATAATAATAGGATGCCCTGATATATCATTCCCACGATTAAATAATATTAGATTTTGATTATTACCTCCTTCATTAATAATAATAATTTGTAGTTTTATAATTAATAACGGAACAGGAACAGGATGAACAATTTATCCCCCTTTATCTAATAATATTGCTCATAATAATATTTCAGTTGATTTAACAATTTTTTCTCTACATTTAGCAGGAATCTCATCAATTT,Pool-05-100,0.0691370209576163,10/11/2017,Laboratory,COI_12s_18s,Pool-0100,5.1,Pool-05-100,O,COI-Eukaryota,Arthropoda,Insecta,Hemiptera,Aphididae,Rhopalosiphum
674,ATTAATTCCTATAATAATAGGATGCCCTGATATATCATTCCCACGATTAAATAATATTAGATTTTGATTATTACCTCCTTCATTAATAATAATAATTTGTAGTTTTATAATTAATAACGGAACAGGAACAGGATGAACAATTTATCCCCCTTTATCTAATAATATTGCTCATAATAATATTTCAGTTGATTTAACAATTTTTTCTCTACATTTAGCAGGAATCTCATCAATTT,Pool-09-500,0.0673581587823909,10/11/2017,Laboratory,COI_12s_18s,Pool-0500,4.3,Pool-09-500,O,COI-Eukaryota,Arthropoda,Insecta,Hemiptera,Aphididae,Rhopalosiphum
489,ATTAATCCCTATAATAATAGGTTGCCCTGATATATCATTCCCACGTTTAAATAACATTAGATTTTGATTATTACCCCCATCATTAATAATAATAATTTGTAGTTTTTTAATTAATAATGGAACAGGAACAGGATGAACTATTTATCCACCTTTATCAAATAACATTGCACATAACAATATTTCAGTTGATTTAACTATTTTTTCATTACATTTAGCAGGAATCTCCTCAATTT,Pool-09-500,0.0664415386178979,10/11/2017,Laboratory,COI_12s_18s,Pool-0500,4.3,Pool-09-500,O,COI-Eukaryota,Arthropoda,Insecta,Hemiptera,Aphididae,Metopolophium
1002,ATTAGTACCTCTCATAATTGGAGCCCCTGATATAGCATTCCCACGACTCAACAATTTAAGCTTCTGATTACTTATTCCTTCATTATATTTGCTAATCATAAGAAGATTAATTGACCAGGGAGTAGGAACAGGATGAACAGTTTACCCTCCTCTTTCAAACTCTGTCTTCCATAGTGGCTACTCAGTAGACATGTCAATTTTTTCTTTACACTTAGCAGGAATTTCCTCAATTT,Pool-05-100,0.0632464003498142,10/11/2017,Laboratory,COI_12s_18s,Pool-0100,5.1,Pool-05-100,O,COI-Eukaryota,Arthropoda,Insecta,Hemiptera,Psyllidae,Acizzia
2666,GCTAGTACCCTTAATAATCGGAGCACCAGATATAGCCTTCCCACGACTTAATAATTTAAGATTTTGACTCCTAATTCCATCTTTGTATCTGTTAATTATAAGTAGATTAATTGATCAAGGTGTAGGGACAGGTTGAACTGTATATCCTCCTTTATCCAATTCTATTTTTCATAGTGGATACTCTGTAGATACAGCTATTTTTTCACTACATCTTGCTGGAATTTCTTCTATTT,Pool-03-100,0.0533455618663617,10/11/2017,Laboratory,COI_12s_18s,Pool-0100,3.1,Pool-03-100,O,COI-Eukaryota,Arthropoda,Insecta,Hemiptera,Triozidae,Bactericera
993,ATTAGTACCTCTCATAATTGGAGCCCCTGATATAGCATTCCCACGACTCAACAATTTAAGCTTCTGATTACTTATTCCTTCATTATATTTGCTAATCATAAGAAGATTAATTGACCAGGGAGTAGGAACAGGATGAACAGTTTACCCTCCTCTTTCAAACTCTGTCTTCCATAGTGGCTACTCAGTAGACATGTCAATTTTTTCTTTACACTTAGCAGGAATTTCCTCAATTT,Pool-04-100,0.0520693742459895,10/11/2017,Laboratory,COI_12s_18s,Pool-0100,4.1,Pool-04-100,O,COI-Eukaryota,Arthropoda,Insecta,Hemiptera,Psyllidae,Acizzia
992,ATTAGTACCTCTCATAATTGGAGCCCCTGATATAGCATTCCCACGACTCAACAATTTAAGCTTCTGATTACTTATTCCTTCATTATATTTGCTAATCATAAGAAGATTAATTGACCAGGGAGTAGGAACAGGATGAACAGTTTACCCTCCTCTTTCAAACTCTGTCTTCCATAGTGGCTACTCAGTAGACATGTCAATTTTTTCTTTACACTTAGCAGGAATTTCCTCAATTT,Pool-08-500,0.0515112975432599,10/11/2017,Laboratory,COI_12s_18s,Pool-0500,3.3,Pool-08-500,O,COI-Eukaryota,Arthropoda,Insecta,Hemiptera,Psyllidae,Acizzia
491,ATTAATCCCTATAATAATAGGTTGCCCTGATATATCATTCCCACGTTTAAATAACATTAGATTTTGATTATTACCCCCATCATTAATAATAATAATTTGTAGTTTTTTAATTAATAATGGAACAGGAACAGGATGAACTATTTATCCACCTTTATCAAATAACATTGCACATAACAATATTTCAGTTGATTTAACTATTTTTTCATTACATTTAGCAGGAATCTCCTCAATTT,Pool-08-500,0.0499443508727846,10/11/2017,Laboratory,COI_12s_18s,Pool-0500,3.3,Pool-08-500,O,COI-Eukaryota,Arthropoda,Insecta,Hemiptera,Aphididae,Metopolophium
995,ATTAGTACCTCTCATAATTGGAGCCCCTGATATAGCATTCCCACGACTCAACAATTTAAGCTTCTGATTACTTATTCCTTCATTATATTTGCTAATCATAAGAAGATTAATTGACCAGGGAGTAGGAACAGGATGAACAGTTTACCCTCCTCTTTCAAACTCTGTCTTCCATAGTGGCTACTCAGTAGACATGTCAATTTTTTCTTTACACTTAGCAGGAATTTCCTCAATTT,Pool-15-1000,0.0492001532915224,10/11/2017,Laboratory,COI_12s_18s,Pool-1000,5.4,Pool-15-1000,O,COI-Eukaryota,Arthropoda,Insecta,Hemiptera,Psyllidae,Acizzia
485,ATTAATCCCTATAATAATAGGTTGCCCTGATATATCATTCCCACGTTTAAATAACATTAGATTTTGATTATTACCCCCATCATTAATAATAATAATTTGTAGTTTTTTAATTAATAATGGAACAGGAACAGGATGAACTATTTATCCACCTTTATCAAATAACATTGCACATAACAATATTTCAGTTGATTTAACTATTTTTTCATTACATTTAGCAGGAATCTCCTCAATTT,Pool-13-1000,0.0477482839000876,10/11/2017,Laboratory,COI_12s_18s,Pool-1000,3.4,Pool-13-1000,O,COI-Eukaryota,Arthropoda,Insecta,Hemiptera,Aphididae,Metopolophium
1015,ATTAGTACCTCTCATAATTGGAGCCCCTGATATAGCATTCCCACGACTCAACAATTTAAGCTTCTGATTACTTATTCCTTCATTATATTTGCTAATCATAAGAAGATTAATTGACCAGGGAGTAGGAACAGGATGAACAGTTTACCCTCCTCTTTCAAACTCTGTCTTCCATAGTGGCTACTCAGTAGACATGTCAATTTTTTCTTTACACTTAGCAGGAATTTCCTCAATTT,Pool-13-1000,0.0455781041983203,10/11/2017,Laboratory,COI_12s_18s,Pool-1000,3.4,Pool-13-1000,O,COI-Eukaryota,Arthropoda,Insecta,Hemiptera,Psyllidae,Acizzia
1018,ATTAGTACCTCTCATAATTGGAGCCCCTGATATAGCATTCCCACGACTCAACAATTTAAGCTTCTGATTACTTATTCCTTCATTATATTTGCTAATCATAAGAAGATTAATTGACCAGGGAGTAGGAACAGGATGAACAGTTTACCCTCCTCTTTCAAACTCTGTCTTCCATAGTGGCTACTCAGTAGACATGTCAATTTTTTCTTTACACTTAGCAGGAATTTCCTCAATTT,Pool-10-500,0.0416693553591018,10/11/2017,Laboratory,COI_12s_18s,Pool-0500,5.3,Pool-10-500,O,COI-Eukaryota,Arthropoda,Insecta,Hemiptera,Psyllidae,Acizzia
484,ATTAATCCCTATAATAATAGGTTGCCCTGATATATCATTCCCACGTTTAAATAACATTAGATTTTGATTATTACCCCCATCATTAATAATAATAATTTGTAGTTTTTTAATTAATAATGGAACAGGAACAGGATGAACTATTTATCCACCTTTATCAAATAACATTGCACATAACAATATTTCAGTTGATTTAACTATTTTTTCATTACATTTAGCAGGAATCTCCTCAATTT,Pool-04-100,0.0408317593637997,10/11/2017,Laboratory,COI_12s_18s,Pool-0100,4.1,Pool-04-100,O,COI-Eukaryota,Arthropoda,Insecta,Hemiptera,Aphididae,Metopolophium
1004,ATTAGTACCTCTCATAATTGGAGCCCCTGATATAGCATTCCCACGACTCAACAATTTAAGCTTCTGATTACTTATTCCTTCATTATATTTGCTAATCATAAGAAGATTAATTGACCAGGGAGTAGGAACAGGATGAACAGTTTACCCTCCTCTTTCAAACTCTGTCTTCCATAGTGGCTACTCAGTAGACATGTCAATTTTTTCTTTACACTTAGCAGGAATTTCCTCAATTT,Pool-14-1000,0.0344477247791188,10/11/2017,Laboratory,COI_12s_18s,Pool-1000,4.4,Pool-14-1000,O,COI-Eukaryota,Arthropoda,Insecta,Hemiptera,Psyllidae,Acizzia
1017,ATTAGTACCTCTCATAATTGGAGCCCCTGATATAGCATTCCCACGACTCAACAATTTAAGCTTCTGATTACTTATTCCTTCATTATATTTGCTAATCATAAGAAGATTAATTGACCAGGGAGTAGGAACAGGATGAACAGTTTACCCTCCTCTTTCAAACTCTGTCTTCCATAGTGGCTACTCAGTAGACATGTCAATTTTTTCTTTACACTTAGCAGGAATTTCCTCAATTT,Pool-03-100,0.0203333688720026,10/11/2017,Laboratory,COI_12s_18s,Pool-0100,3.1,Pool-03-100,O,COI-Eukaryota,Arthropoda,Insecta,Hemiptera,Psyllidae,Acizzia
505,ATTAATCCCTATAATAATAGGTTGCCCTGATATATCATTCCCACGTTTAAATAACATTAGATTTTGATTATTACCCCCATCATTAATAATAATAATTTGTAGTTTTTTAATTAATAATGGAACAGGAACAGGATGAACTATTTATCCACCTTTATCAAATAACATTGCACATAACAATATTTCAGTTGATTTAACTATTTTTTCATTACATTTAGCAGGAATCTCCTCAATTT,Pool-07-500,0.0186851801290516,10/11/2017,Laboratory,COI_12s_18s,Pool-0500,2.3,Pool-07-500,O,COI-Eukaryota,Arthropoda,Insecta,Hemiptera,Aphididae,Metopolophium
498,ATTAATCCCTATAATAATAGGTTGCCCTGATATATCATTCCCACGTTTAAATAACATTAGATTTTGATTATTACCCCCATCATTAATAATAATAATTTGTAGTTTTTTAATTAATAATGGAACAGGAACAGGATGAACTATTTATCCACCTTTATCAAATAACATTGCACATAACAATATTTCAGTTGATTTAACTATTTTTTCATTACATTTAGCAGGAATCTCCTCAATTT,Pool-03-100,0.0185196851920057,10/11/2017,Laboratory,COI_12s_18s,Pool-0100,3.1,Pool-03-100,O,COI-Eukaryota,Arthropoda,Insecta,Hemiptera,Aphididae,Metopolophium
584,ATTAATCCCTTTAATAATAGGATGCCCAGACATATCTTTTCCACGATTAAATAATATTAGATTCTGATTATTACCTCCTTCATTAATAATAATAATTTGTAGATTCATAATTAATAATGGAACAGGAACAGGATGAACTATTTATCCACCATTATCAAATAATATTGCTCATAATAATATTTCAGTTGATTTAACTATTTTTTCTTTACACTTAGCAGGAATTTCATCAATTT,Pool-04-100,0.0126515495246436,10/11/2017,Laboratory,COI_12s_18s,Pool-0100,4.1,Pool-04-100,O,COI-Eukaryota,Arthropoda,Insecta,Hemiptera,Aphididae,Diuraphis
500,ATTAATCCCTATAATAATAGGTTGCCCTGATATATCATTCCCACGTTTAAATAACATTAGATTTTGATTATTACCCCCATCATTAATAATAATAATTTGTAGTTTTTTAATTAATAATGGAACAGGAACAGGATGAACTATTTATCCACCTTTATCAAATAACATTGCACATAACAATATTTCAGTTGATTTAACTATTTTTTCATTACATTTAGCAGGAATCTCCTCAATTT,Pool-02-100,0.00930722510996777,10/11/2017,Laboratory,COI_12s_18s,Pool-0100,2.1,Pool-02-100,O,COI-Eukaryota,Arthropoda,Insecta,Hemiptera,Aphididae,Metopolophium
499,ATTAATCCCTATAATAATAGGTTGCCCTGATATATCATTCCCACGTTTAAATAACATTAGATTTTGATTATTACCCCCATCATTAATAATAATAATTTGTAGTTTTTTAATTAATAATGGAACAGGAACAGGATGAACTATTTATCCACCTTTATCAAATAACATTGCACATAACAATATTTCAGTTGATTTAACTATTTTTTCATTACATTTAGCAGGAATCTCCTCAATTT,Pool-12-1000,0.00850606675976688,10/11/2017,Laboratory,COI_12s_18s,Pool-1000,2.4,Pool-12-1000,O,COI-Eukaryota,Arthropoda,Insecta,Hemiptera,Aphididae,Metopolophium
2668,GCTAGTACCCTTAATAATCGGAGCACCAGATATAGCCTTCCCACGACTTAATAATTTAAGATTTTGACTCCTAATTCCATCTTTGTATCTGTTAATTATAAGTAGATTAATTGATCAAGGTGTAGGGACAGGTTGAACTGTATATCCTCCTTTATCCAATTCTATTTTTCATAGTGGATACTCTGTAGATACAGCTATTTTTTCACTACATCTTGCTGGAATTTCTTCTATTT,Pool-13-1000,0.00325279500339013,10/11/2017,Laboratory,COI_12s_18s,Pool-1000,3.4,Pool-13-1000,O,COI-Eukaryota,Arthropoda,Insecta,Hemiptera,Triozidae,Bactericera
593,ATTAATCCCTTTAATAATAGGATGCCCAGACATATCTTTTCCACGATTAAATAATATTAGATTCTGATTATTACCTCCTTCATTAATAATAATAATTTGTAGATTCATAATTAATAATGGAACAGGAACAGGATGAACTATTTATCCACCATTATCAAATAATATTGCTCATAATAATATTTCAGTTGATTTAACTATTTTTTCTTTACACTTAGCAGGAATTTCATCAATTT,Pool-02-100,0.00305882283803518,10/11/2017,Laboratory,COI_12s_18s,Pool-0100,2.1,Pool-02-100,O,COI-Eukaryota,Arthropoda,Insecta,Hemiptera,Aphididae,Diuraphis
577,ATTAATCCCTTTAATAATAGGATGCCCAGACATATCTTTTCCACGATTAAATAATATTAGATTCTGATTATTACCTCCTTCATTAATAATAATAATTTGTAGATTCATAATTAATAATGGAACAGGAACAGGATGAACTATTTATCCACCATTATCAAATAATATTGCTCATAATAATATTTCAGTTGATTTAACTATTTTTTCTTTACACTTAGCAGGAATTTCATCAATTT,Pool-09-500,0.00235866695047375,10/11/2017,Laboratory,COI_12s_18s,Pool-0500,4.3,Pool-09-500,O,COI-Eukaryota,Arthropoda,Insecta,Hemiptera,Aphididae,Diuraphis
2646,GCTAGTACCCTTAATAATCGGAGCACCAGATATAGCCTTCCCACGACTTAATAATTTAAGATTTTGACTCCTAATTCCATCTTTGTATCTGTTAATTATAAGTAGATTAATTGATCAAGGTGTAGGGACAGGTTGAACTGTATATCCTCCTTTATCCAATTCTATTTTTCATAGTGGATACTCTGTAGATACAGCTATTTTTTCACTACATCTTGCTGGAATTTCTTCTATTT,Pool-08-500,0.00203631950066317,10/11/2017,Laboratory,COI_12s_18s,Pool-0500,3.3,Pool-08-500,O,COI-Eukaryota,Arthropoda,Insecta,Hemiptera,Triozidae,Bactericera
2653,GCTAGTACCCTTAATAATCGGAGCACCAGATATAGCCTTCCCACGACTTAATAATTTAAGATTTTGACTCCTAATTCCATCTTTGTATCTGTTAATTATAAGTAGATTAATTGATCAAGGTGTAGGGACAGGTTGAACTGTATATCCTCCTTTATCCAATTCTATTTTTCATAGTGGATACTCTGTAGATACAGCTATTTTTTCACTACATCTTGCTGGAATTTCTTCTATTT,Pool-14-1000,0.00195526794479413,10/11/2017,Laboratory,COI_12s_18s,Pool-1000,4.4,Pool-14-1000,O,COI-Eukaryota,Arthropoda,Insecta,Hemiptera,Triozidae,Bactericera
598,ATTAATCCCTTTAATAATAGGATGCCCAGACATATCTTTTCCACGATTAAATAATATTAGATTCTGATTATTACCTCCTTCATTAATAATAATAATTTGTAGATTCATAATTAATAATGGAACAGGAACAGGATGAACTATTTATCCACCATTATCAAATAATATTGCTCATAATAATATTTCAGTTGATTTAACTATTTTTTCTTTACACTTAGCAGGAATTTCATCAATTT,Pool-03-100,0.00192393432453913,10/11/2017,Laboratory,COI_12s_18s,Pool-0100,3.1,Pool-03-100,O,COI-Eukaryota,Arthropoda,Insecta,Hemiptera,Aphididae,Diuraphis
2647,GCTAGTACCCTTAATAATCGGAGCACCAGATATAGCCTTCCCACGACTTAATAATTTAAGATTTTGACTCCTAATTCCATCTTTGTATCTGTTAATTATAAGTAGATTAATTGATCAAGGTGTAGGGACAGGTTGAACTGTATATCCTCCTTTATCCAATTCTATTTTTCATAGTGGATACTCTGTAGATACAGCTATTTTTTCACTACATCTTGCTGGAATTTCTTCTATTT,Pool-01-100,0.00171921992106181,10/11/2017,Laboratory,COI_12s_18s,Pool-0100,1.1,Pool-01-100,O,COI-Eukaryota,Arthropoda,Insecta,Hemiptera,Triozidae,Bactericera
580,ATTAATCCCTTTAATAATAGGATGCCCAGACATATCTTTTCCACGATTAAATAATATTAGATTCTGATTATTACCTCCTTCATTAATAATAATAATTTGTAGATTCATAATTAATAATGGAACAGGAACAGGATGAACTATTTATCCACCATTATCAAATAATATTGCTCATAATAATATTTCAGTTGATTTAACTATTTTTTCTTTACACTTAGCAGGAATTTCATCAATTT,Pool-07-500,0.00114936410057394,10/11/2017,Laboratory,COI_12s_18s,Pool-0500,2.3,Pool-07-500,O,COI-Eukaryota,Arthropoda,Insecta,Hemiptera,Aphididae,Diuraphis
2664,GCTAGTACCCTTAATAATCGGAGCACCAGATATAGCCTTCCCACGACTTAATAATTTAAGATTTTGACTCCTAATTCCATCTTTGTATCTGTTAATTATAAGTAGATTAATTGATCAAGGTGTAGGGACAGGTTGAACTGTATATCCTCCTTTATCCAATTCTATTTTTCATAGTGGATACTCTGTAGATACAGCTATTTTTTCACTACATCTTGCTGGAATTTCTTCTATTT,Pool-06-500,9.62309807637076e-4,10/11/2017,Laboratory,COI_12s_18s,Pool-0500,1.3,Pool-06-500,O,COI-Eukaryota,Arthropoda,Insecta,Hemiptera,Triozidae,Bactericera
2644,GCTAGTACCCTTAATAATCGGAGCACCAGATATAGCCTTCCCACGACTTAATAATTTAAGATTTTGACTCCTAATTCCATCTTTGTATCTGTTAATTATAAGTAGATTAATTGATCAAGGTGTAGGGACAGGTTGAACTGTATATCCTCCTTTATCCAATTCTATTTTTCATAGTGGATACTCTGTAGATACAGCTATTTTTTCACTACATCTTGCTGGAATTTCTTCTATTT,Pool-04-100,9.30312718729006e-4,10/11/2017,Laboratory,COI_12s_18s,Pool-0100,4.1,Pool-04-100,O,COI-Eukaryota,Arthropoda,Insecta,Hemiptera,Triozidae,Bactericera
589,ATTAATCCCTTTAATAATAGGATGCCCAGACATATCTTTTCCACGATTAAATAATATTAGATTCTGATTATTACCTCCTTCATTAATAATAATAATTTGTAGATTCATAATTAATAATGGAACAGGAACAGGATGAACTATTTATCCACCATTATCAAATAATATTGCTCATAATAATATTTCAGTTGATTTAACTATTTTTTCTTTACACTTAGCAGGAATTTCATCAATTT,Pool-14-1000,7.95822024600104e-4,10/11/2017,Laboratory,COI_12s_18s,Pool-1000,4.4,Pool-14-1000,O,COI-Eukaryota,Arthropoda,Insecta,Hemiptera,Aphididae,Diuraphis
579,ATTAATCCCTTTAATAATAGGATGCCCAGACATATCTTTTCCACGATTAAATAATATTAGATTCTGATTATTACCTCCTTCATTAATAATAATAATTTGTAGATTCATAATTAATAATGGAACAGGAACAGGATGAACTATTTATCCACCATTATCAAATAATATTGCTCATAATAATATTTCAGTTGATTTAACTATTTTTTCTTTACACTTAGCAGGAATTTCATCAATTT,Pool-11-1000,3.78283023792741e-4,10/11/2017,Laboratory,COI_12s_18s,Pool-1000,1.4,Pool-11-1000,O,COI-Eukaryota,Arthropoda,Insecta,Hemiptera,Aphididae,Diuraphis
599,ATTAATCCCTTTAATAATAGGATGCCCAGACATATCTTTTCCACGATTAAATAATATTAGATTCTGATTATTACCTCCTTCATTAATAATAATAATTTGTAGATTCATAATTAATAATGGAACAGGAACAGGATGAACTATTTATCCACCATTATCAAATAATATTGCTCATAATAATATTTCAGTTGATTTAACTATTTTTTCTTTACACTTAGCAGGAATTTCATCAATTT,Pool-12-1000,2.92716839145999e-4,10/11/2017,Laboratory,COI_12s_18s,Pool-1000,2.4,Pool-12-1000,O,COI-Eukaryota,Arthropoda,Insecta,Hemiptera,Aphididae,Diuraphis
2654,GCTAGTACCCTTAATAATCGGAGCACCAGATATAGCCTTCCCACGACTTAATAATTTAAGATTTTGACTCCTAATTCCATCTTTGTATCTGTTAATTATAAGTAGATTAATTGATCAAGGTGTAGGGACAGGTTGAACTGTATATCCTCCTTTATCCAATTCTATTTTTCATAGTGGATACTCTGTAGATACAGCTATTTTTTCACTACATCTTGCTGGAATTTCTTCTATTT,Pool-09-500,2.58878079930045e-4,10/11/2017,Laboratory,COI_12s_18s,Pool-0500,4.3,Pool-09-500,O,COI-Eukaryota,Arthropoda,Insecta,Hemiptera,Triozidae,Bactericera
