Plate,PE2_Index_ID,index,PE1_Index_ID,index2,Row,Column,Used
Q1,mpxPEII_bc001,TACGAAGT,mpxPEI_bc001,GACTTCGT,A,1,
Q1,mpxPEII_bc002,GACGAGAT,mpxPEI_bc001,GACTTCGT,A,2,Yes
Q1,mpxPEII_bc003,TAGTGGCA,mpxPEI_bc001,GACTTCGT,A,3,
Q1,mpxPEII_bc004,CATTAACG,mpxPEI_bc001,GACTTCGT,A,4,
Q1,mpxPEII_bc005,TCGTTGAA,mpxPEI_bc001,GACTTCGT,A,5,
Q1,mpxPEII_bc006,TAGTACGC,mpxPEI_bc001,GACTTCGT,A,6,
Q1,mpxPEII_bc007,TTCACCGT,mpxPEI_bc001,GACTTCGT,A,7,
Q1,mpxPEII_bc008,AGGACAGT,mpxPEI_bc001,GACTTCGT,A,8,
Q1,mpxPEII_bc009,AATCGTGG,mpxPEI_bc001,GACTTCGT,A,9,
Q1,mpxPEII_bc010,GTATCAGT,mpxPEI_bc001,GACTTCGT,A,10,
Q1,mpxPEII_bc011,AGCAGATG,mpxPEI_bc001,GACTTCGT,A,11,
Q1,mpxPEII_bc012,TCCTAACG,mpxPEI_bc001,GACTTCGT,A,12,
Q1,mpxPEII_bc001,TACGAAGT,mpxPEI_bc002,AATCTCGT,B,1,
Q1,mpxPEII_bc002,GACGAGAT,mpxPEI_bc002,AATCTCGT,B,2,
Q1,mpxPEII_bc003,TAGTGGCA,mpxPEI_bc002,AATCTCGT,B,3,Yes
Q1,mpxPEII_bc004,CATTAACG,mpxPEI_bc002,AATCTCGT,B,4,
Q1,mpxPEII_bc005,TCGTTGAA,mpxPEI_bc002,AATCTCGT,B,5,
Q1,mpxPEII_bc006,TAGTACGC,mpxPEI_bc002,AATCTCGT,B,6,
Q1,mpxPEII_bc007,TTCACCGT,mpxPEI_bc002,AATCTCGT,B,7,
Q1,mpxPEII_bc008,AGGACAGT,mpxPEI_bc002,AATCTCGT,B,8,
Q1,mpxPEII_bc009,AATCGTGG,mpxPEI_bc002,AATCTCGT,B,9,
Q1,mpxPEII_bc010,GTATCAGT,mpxPEI_bc002,AATCTCGT,B,10,
Q1,mpxPEII_bc011,AGCAGATG,mpxPEI_bc002,AATCTCGT,B,11,
Q1,mpxPEII_bc012,TCCTAACG,mpxPEI_bc002,AATCTCGT,B,12,
Q1,mpxPEII_bc001,TACGAAGT,mpxPEI_bc003,TTGCCACT,C,1,
Q1,mpxPEII_bc002,GACGAGAT,mpxPEI_bc003,TTGCCACT,C,2,
Q1,mpxPEII_bc003,TAGTGGCA,mpxPEI_bc003,TTGCCACT,C,3,
Q1,mpxPEII_bc004,CATTAACG,mpxPEI_bc003,TTGCCACT,C,4,Yes
Q1,mpxPEII_bc005,TCGTTGAA,mpxPEI_bc003,TTGCCACT,C,5,
Q1,mpxPEII_bc006,TAGTACGC,mpxPEI_bc003,TTGCCACT,C,6,
Q1,mpxPEII_bc007,TTCACCGT,mpxPEI_bc003,TTGCCACT,C,7,
Q1,mpxPEII_bc008,AGGACAGT,mpxPEI_bc003,TTGCCACT,C,8,
Q1,mpxPEII_bc009,AATCGTGG,mpxPEI_bc003,TTGCCACT,C,9,
Q1,mpxPEII_bc010,GTATCAGT,mpxPEI_bc003,TTGCCACT,C,10,
Q1,mpxPEII_bc011,AGCAGATG,mpxPEI_bc003,TTGCCACT,C,11,
Q1,mpxPEII_bc012,TCCTAACG,mpxPEI_bc003,TTGCCACT,C,12,
Q1,mpxPEII_bc001,TACGAAGT,mpxPEI_bc004,GCGTTAAT,D,1,
Q1,mpxPEII_bc002,GACGAGAT,mpxPEI_bc004,GCGTTAAT,D,2,
Q1,mpxPEII_bc003,TAGTGGCA,mpxPEI_bc004,GCGTTAAT,D,3,
Q1,mpxPEII_bc004,CATTAACG,mpxPEI_bc004,GCGTTAAT,D,4,
Q1,mpxPEII_bc005,TCGTTGAA,mpxPEI_bc004,GCGTTAAT,D,5,Yes
Q1,mpxPEII_bc006,TAGTACGC,mpxPEI_bc004,GCGTTAAT,D,6,
Q1,mpxPEII_bc007,TTCACCGT,mpxPEI_bc004,GCGTTAAT,D,7,
Q1,mpxPEII_bc008,AGGACAGT,mpxPEI_bc004,GCGTTAAT,D,8,
Q1,mpxPEII_bc009,AATCGTGG,mpxPEI_bc004,GCGTTAAT,D,9,
Q1,mpxPEII_bc010,GTATCAGT,mpxPEI_bc004,GCGTTAAT,D,10,
Q1,mpxPEII_bc011,AGCAGATG,mpxPEI_bc004,GCGTTAAT,D,11,
Q1,mpxPEII_bc012,TCCTAACG,mpxPEI_bc004,GCGTTAAT,D,12,
Q1,mpxPEII_bc001,TACGAAGT,mpxPEI_bc005,CTTCAACG,E,1,
Q1,mpxPEII_bc002,GACGAGAT,mpxPEI_bc005,CTTCAACG,E,2,
Q1,mpxPEII_bc003,TAGTGGCA,mpxPEI_bc005,CTTCAACG,E,3,
Q1,mpxPEII_bc004,CATTAACG,mpxPEI_bc005,CTTCAACG,E,4,
Q1,mpxPEII_bc005,TCGTTGAA,mpxPEI_bc005,CTTCAACG,E,5,
Q1,mpxPEII_bc006,TAGTACGC,mpxPEI_bc005,CTTCAACG,E,6,Yes
Q1,mpxPEII_bc007,TTCACCGT,mpxPEI_bc005,CTTCAACG,E,7,
Q1,mpxPEII_bc008,AGGACAGT,mpxPEI_bc005,CTTCAACG,E,8,
Q1,mpxPEII_bc009,AATCGTGG,mpxPEI_bc005,CTTCAACG,E,9,
Q1,mpxPEII_bc010,GTATCAGT,mpxPEI_bc005,CTTCAACG,E,10,
Q1,mpxPEII_bc011,AGCAGATG,mpxPEI_bc005,CTTCAACG,E,11,
Q1,mpxPEII_bc012,TCCTAACG,mpxPEI_bc005,CTTCAACG,E,12,
Q1,mpxPEII_bc001,TACGAAGT,mpxPEI_bc006,AGCGTACT,F,1,
Q1,mpxPEII_bc002,GACGAGAT,mpxPEI_bc006,AGCGTACT,F,2,
Q1,mpxPEII_bc003,TAGTGGCA,mpxPEI_bc006,AGCGTACT,F,3,
Q1,mpxPEII_bc004,CATTAACG,mpxPEI_bc006,AGCGTACT,F,4,
Q1,mpxPEII_bc005,TCGTTGAA,mpxPEI_bc006,AGCGTACT,F,5,
Q1,mpxPEII_bc006,TAGTACGC,mpxPEI_bc006,AGCGTACT,F,6,
Q1,mpxPEII_bc007,TTCACCGT,mpxPEI_bc006,AGCGTACT,F,7,Yes
Q1,mpxPEII_bc008,AGGACAGT,mpxPEI_bc006,AGCGTACT,F,8,
Q1,mpxPEII_bc009,AATCGTGG,mpxPEI_bc006,AGCGTACT,F,9,
Q1,mpxPEII_bc010,GTATCAGT,mpxPEI_bc006,AGCGTACT,F,10,
Q1,mpxPEII_bc011,AGCAGATG,mpxPEI_bc006,AGCGTACT,F,11,
Q1,mpxPEII_bc012,TCCTAACG,mpxPEI_bc006,AGCGTACT,F,12,
Q1,mpxPEII_bc001,TACGAAGT,mpxPEI_bc007,TACGGTGA,G,1,
Q1,mpxPEII_bc002,GACGAGAT,mpxPEI_bc007,TACGGTGA,G,2,
Q1,mpxPEII_bc003,TAGTGGCA,mpxPEI_bc007,TACGGTGA,G,3,
Q1,mpxPEII_bc004,CATTAACG,mpxPEI_bc007,TACGGTGA,G,4,
Q1,mpxPEII_bc005,TCGTTGAA,mpxPEI_bc007,TACGGTGA,G,5,
Q1,mpxPEII_bc006,TAGTACGC,mpxPEI_bc007,TACGGTGA,G,6,
Q1,mpxPEII_bc007,TTCACCGT,mpxPEI_bc007,TACGGTGA,G,7,
Q1,mpxPEII_bc008,AGGACAGT,mpxPEI_bc007,TACGGTGA,G,8,Yes
Q1,mpxPEII_bc009,AATCGTGG,mpxPEI_bc007,TACGGTGA,G,9,
Q1,mpxPEII_bc010,GTATCAGT,mpxPEI_bc007,TACGGTGA,G,10,
Q1,mpxPEII_bc011,AGCAGATG,mpxPEI_bc007,TACGGTGA,G,11,
Q1,mpxPEII_bc012,TCCTAACG,mpxPEI_bc007,TACGGTGA,G,12,
Q1,mpxPEII_bc001,TACGAAGT,mpxPEI_bc008,AACTGTCC,H,1,
Q1,mpxPEII_bc002,GACGAGAT,mpxPEI_bc008,AACTGTCC,H,2,
Q1,mpxPEII_bc003,TAGTGGCA,mpxPEI_bc008,AACTGTCC,H,3,
Q1,mpxPEII_bc004,CATTAACG,mpxPEI_bc008,AACTGTCC,H,4,
Q1,mpxPEII_bc005,TCGTTGAA,mpxPEI_bc008,AACTGTCC,H,5,
Q1,mpxPEII_bc006,TAGTACGC,mpxPEI_bc008,AACTGTCC,H,6,
Q1,mpxPEII_bc007,TTCACCGT,mpxPEI_bc008,AACTGTCC,H,7,
Q1,mpxPEII_bc008,AGGACAGT,mpxPEI_bc008,AACTGTCC,H,8,
Q1,mpxPEII_bc009,AATCGTGG,mpxPEI_bc008,AACTGTCC,H,9,Yes
Q1,mpxPEII_bc010,GTATCAGT,mpxPEI_bc008,AACTGTCC,H,10,
Q1,mpxPEII_bc011,AGCAGATG,mpxPEI_bc008,AACTGTCC,H,11,
Q1,mpxPEII_bc012,TCCTAACG,mpxPEI_bc008,AACTGTCC,H,12,
Q2,mpxPEII_bc013,TGTCTAGT,mpxPEI_bc001,GACTTCGT,A,1,
Q2,mpxPEII_bc014,TGAATGCC,mpxPEI_bc001,GACTTCGT,A,2,
Q2,mpxPEII_bc015,GTGCAATG,mpxPEI_bc001,GACTTCGT,A,3,
Q2,mpxPEII_bc016,AGTGGCAT,mpxPEI_bc001,GACTTCGT,A,4,
Q2,mpxPEII_bc017,AGTCTACC,mpxPEI_bc001,GACTTCGT,A,5,
Q2,mpxPEII_bc018,ATCGGTAG,mpxPEI_bc001,GACTTCGT,A,6,
Q2,mpxPEII_bc019,CGTATGAT,mpxPEI_bc001,GACTTCGT,A,7,
Q2,mpxPEII_bc020,CTGTCGTA,mpxPEI_bc001,GACTTCGT,A,8,
Q2,mpxPEII_bc021,TCAACTGG,mpxPEI_bc001,GACTTCGT,A,9,
Q2,mpxPEII_bc022,ATCGATCT,mpxPEI_bc001,GACTTCGT,A,10,
Q2,mpxPEII_bc023,GCAACTAT,mpxPEI_bc001,GACTTCGT,A,11,
Q2,mpxPEII_bc024,GATGACTT,mpxPEI_bc001,GACTTCGT,A,12,
Q2,mpxPEII_bc013,TGTCTAGT,mpxPEI_bc002,AATCTCGT,B,1,
Q2,mpxPEII_bc014,TGAATGCC,mpxPEI_bc002,AATCTCGT,B,2,
Q2,mpxPEII_bc015,GTGCAATG,mpxPEI_bc002,AATCTCGT,B,3,
Q2,mpxPEII_bc016,AGTGGCAT,mpxPEI_bc002,AATCTCGT,B,4,
Q2,mpxPEII_bc017,AGTCTACC,mpxPEI_bc002,AATCTCGT,B,5,
Q2,mpxPEII_bc018,ATCGGTAG,mpxPEI_bc002,AATCTCGT,B,6,
Q2,mpxPEII_bc019,CGTATGAT,mpxPEI_bc002,AATCTCGT,B,7,
Q2,mpxPEII_bc020,CTGTCGTA,mpxPEI_bc002,AATCTCGT,B,8,
Q2,mpxPEII_bc021,TCAACTGG,mpxPEI_bc002,AATCTCGT,B,9,
Q2,mpxPEII_bc022,ATCGATCT,mpxPEI_bc002,AATCTCGT,B,10,
Q2,mpxPEII_bc023,GCAACTAT,mpxPEI_bc002,AATCTCGT,B,11,
Q2,mpxPEII_bc024,GATGACTT,mpxPEI_bc002,AATCTCGT,B,12,
Q2,mpxPEII_bc013,TGTCTAGT,mpxPEI_bc003,TTGCCACT,C,1,
Q2,mpxPEII_bc014,TGAATGCC,mpxPEI_bc003,TTGCCACT,C,2,
Q2,mpxPEII_bc015,GTGCAATG,mpxPEI_bc003,TTGCCACT,C,3,
Q2,mpxPEII_bc016,AGTGGCAT,mpxPEI_bc003,TTGCCACT,C,4,
Q2,mpxPEII_bc017,AGTCTACC,mpxPEI_bc003,TTGCCACT,C,5,
Q2,mpxPEII_bc018,ATCGGTAG,mpxPEI_bc003,TTGCCACT,C,6,
Q2,mpxPEII_bc019,CGTATGAT,mpxPEI_bc003,TTGCCACT,C,7,
Q2,mpxPEII_bc020,CTGTCGTA,mpxPEI_bc003,TTGCCACT,C,8,
Q2,mpxPEII_bc021,TCAACTGG,mpxPEI_bc003,TTGCCACT,C,9,
Q2,mpxPEII_bc022,ATCGATCT,mpxPEI_bc003,TTGCCACT,C,10,
Q2,mpxPEII_bc023,GCAACTAT,mpxPEI_bc003,TTGCCACT,C,11,
Q2,mpxPEII_bc024,GATGACTT,mpxPEI_bc003,TTGCCACT,C,12,
Q2,mpxPEII_bc013,TGTCTAGT,mpxPEI_bc004,GCGTTAAT,D,1,
Q2,mpxPEII_bc014,TGAATGCC,mpxPEI_bc004,GCGTTAAT,D,2,
Q2,mpxPEII_bc015,GTGCAATG,mpxPEI_bc004,GCGTTAAT,D,3,
Q2,mpxPEII_bc016,AGTGGCAT,mpxPEI_bc004,GCGTTAAT,D,4,
Q2,mpxPEII_bc017,AGTCTACC,mpxPEI_bc004,GCGTTAAT,D,5,
Q2,mpxPEII_bc018,ATCGGTAG,mpxPEI_bc004,GCGTTAAT,D,6,
Q2,mpxPEII_bc019,CGTATGAT,mpxPEI_bc004,GCGTTAAT,D,7,
Q2,mpxPEII_bc020,CTGTCGTA,mpxPEI_bc004,GCGTTAAT,D,8,
Q2,mpxPEII_bc021,TCAACTGG,mpxPEI_bc004,GCGTTAAT,D,9,
Q2,mpxPEII_bc022,ATCGATCT,mpxPEI_bc004,GCGTTAAT,D,10,
Q2,mpxPEII_bc023,GCAACTAT,mpxPEI_bc004,GCGTTAAT,D,11,
Q2,mpxPEII_bc024,GATGACTT,mpxPEI_bc004,GCGTTAAT,D,12,
Q2,mpxPEII_bc013,TGTCTAGT,mpxPEI_bc005,CTTCAACG,E,1,
Q2,mpxPEII_bc014,TGAATGCC,mpxPEI_bc005,CTTCAACG,E,2,
Q2,mpxPEII_bc015,GTGCAATG,mpxPEI_bc005,CTTCAACG,E,3,
Q2,mpxPEII_bc016,AGTGGCAT,mpxPEI_bc005,CTTCAACG,E,4,
Q2,mpxPEII_bc017,AGTCTACC,mpxPEI_bc005,CTTCAACG,E,5,
Q2,mpxPEII_bc018,ATCGGTAG,mpxPEI_bc005,CTTCAACG,E,6,
Q2,mpxPEII_bc019,CGTATGAT,mpxPEI_bc005,CTTCAACG,E,7,
Q2,mpxPEII_bc020,CTGTCGTA,mpxPEI_bc005,CTTCAACG,E,8,
Q2,mpxPEII_bc021,TCAACTGG,mpxPEI_bc005,CTTCAACG,E,9,
Q2,mpxPEII_bc022,ATCGATCT,mpxPEI_bc005,CTTCAACG,E,10,
Q2,mpxPEII_bc023,GCAACTAT,mpxPEI_bc005,CTTCAACG,E,11,
Q2,mpxPEII_bc024,GATGACTT,mpxPEI_bc005,CTTCAACG,E,12,
Q2,mpxPEII_bc013,TGTCTAGT,mpxPEI_bc006,AGCGTACT,F,1,
Q2,mpxPEII_bc014,TGAATGCC,mpxPEI_bc006,AGCGTACT,F,2,
Q2,mpxPEII_bc015,GTGCAATG,mpxPEI_bc006,AGCGTACT,F,3,
Q2,mpxPEII_bc016,AGTGGCAT,mpxPEI_bc006,AGCGTACT,F,4,
Q2,mpxPEII_bc017,AGTCTACC,mpxPEI_bc006,AGCGTACT,F,5,
Q2,mpxPEII_bc018,ATCGGTAG,mpxPEI_bc006,AGCGTACT,F,6,
Q2,mpxPEII_bc019,CGTATGAT,mpxPEI_bc006,AGCGTACT,F,7,
Q2,mpxPEII_bc020,CTGTCGTA,mpxPEI_bc006,AGCGTACT,F,8,
Q2,mpxPEII_bc021,TCAACTGG,mpxPEI_bc006,AGCGTACT,F,9,
Q2,mpxPEII_bc022,ATCGATCT,mpxPEI_bc006,AGCGTACT,F,10,
Q2,mpxPEII_bc023,GCAACTAT,mpxPEI_bc006,AGCGTACT,F,11,
Q2,mpxPEII_bc024,GATGACTT,mpxPEI_bc006,AGCGTACT,F,12,
Q2,mpxPEII_bc013,TGTCTAGT,mpxPEI_bc007,TACGGTGA,G,1,
Q2,mpxPEII_bc014,TGAATGCC,mpxPEI_bc007,TACGGTGA,G,2,
Q2,mpxPEII_bc015,GTGCAATG,mpxPEI_bc007,TACGGTGA,G,3,
Q2,mpxPEII_bc016,AGTGGCAT,mpxPEI_bc007,TACGGTGA,G,4,
Q2,mpxPEII_bc017,AGTCTACC,mpxPEI_bc007,TACGGTGA,G,5,
Q2,mpxPEII_bc018,ATCGGTAG,mpxPEI_bc007,TACGGTGA,G,6,
Q2,mpxPEII_bc019,CGTATGAT,mpxPEI_bc007,TACGGTGA,G,7,
Q2,mpxPEII_bc020,CTGTCGTA,mpxPEI_bc007,TACGGTGA,G,8,
Q2,mpxPEII_bc021,TCAACTGG,mpxPEI_bc007,TACGGTGA,G,9,
Q2,mpxPEII_bc022,ATCGATCT,mpxPEI_bc007,TACGGTGA,G,10,
Q2,mpxPEII_bc023,GCAACTAT,mpxPEI_bc007,TACGGTGA,G,11,
Q2,mpxPEII_bc024,GATGACTT,mpxPEI_bc007,TACGGTGA,G,12,
Q2,mpxPEII_bc013,TGTCTAGT,mpxPEI_bc008,AACTGTCC,H,1,
Q2,mpxPEII_bc014,TGAATGCC,mpxPEI_bc008,AACTGTCC,H,2,
Q2,mpxPEII_bc015,GTGCAATG,mpxPEI_bc008,AACTGTCC,H,3,
Q2,mpxPEII_bc016,AGTGGCAT,mpxPEI_bc008,AACTGTCC,H,4,
Q2,mpxPEII_bc017,AGTCTACC,mpxPEI_bc008,AACTGTCC,H,5,
Q2,mpxPEII_bc018,ATCGGTAG,mpxPEI_bc008,AACTGTCC,H,6,
Q2,mpxPEII_bc019,CGTATGAT,mpxPEI_bc008,AACTGTCC,H,7,
Q2,mpxPEII_bc020,CTGTCGTA,mpxPEI_bc008,AACTGTCC,H,8,
Q2,mpxPEII_bc021,TCAACTGG,mpxPEI_bc008,AACTGTCC,H,9,
Q2,mpxPEII_bc022,ATCGATCT,mpxPEI_bc008,AACTGTCC,H,10,
Q2,mpxPEII_bc023,GCAACTAT,mpxPEI_bc008,AACTGTCC,H,11,
Q2,mpxPEII_bc024,GATGACTT,mpxPEI_bc008,AACTGTCC,H,12,
Q3,mpxPEII_bc001,TACGAAGT,mpxPEI_bc009,TCCACGAT,A,1,
Q3,mpxPEII_bc002,GACGAGAT,mpxPEI_bc009,TCCACGAT,A,2,
Q3,mpxPEII_bc003,TAGTGGCA,mpxPEI_bc009,TCCACGAT,A,3,
Q3,mpxPEII_bc004,CATTAACG,mpxPEI_bc009,TCCACGAT,A,4,
Q3,mpxPEII_bc005,TCGTTGAA,mpxPEI_bc009,TCCACGAT,A,5,
Q3,mpxPEII_bc006,TAGTACGC,mpxPEI_bc009,TCCACGAT,A,6,
Q3,mpxPEII_bc007,TTCACCGT,mpxPEI_bc009,TCCACGAT,A,7,
Q3,mpxPEII_bc008,AGGACAGT,mpxPEI_bc009,TCCACGAT,A,8,
Q3,mpxPEII_bc009,AATCGTGG,mpxPEI_bc009,TCCACGAT,A,9,
Q3,mpxPEII_bc010,GTATCAGT,mpxPEI_bc009,TCCACGAT,A,10,
Q3,mpxPEII_bc011,AGCAGATG,mpxPEI_bc009,TCCACGAT,A,11,
Q3,mpxPEII_bc012,TCCTAACG,mpxPEI_bc009,TCCACGAT,A,12,
Q3,mpxPEII_bc001,TACGAAGT,mpxPEI_bc010,GACTGATA,B,1,
Q3,mpxPEII_bc002,GACGAGAT,mpxPEI_bc010,GACTGATA,B,2,
Q3,mpxPEII_bc003,TAGTGGCA,mpxPEI_bc010,GACTGATA,B,3,
Q3,mpxPEII_bc004,CATTAACG,mpxPEI_bc010,GACTGATA,B,4,
Q3,mpxPEII_bc005,TCGTTGAA,mpxPEI_bc010,GACTGATA,B,5,
Q3,mpxPEII_bc006,TAGTACGC,mpxPEI_bc010,GACTGATA,B,6,
Q3,mpxPEII_bc007,TTCACCGT,mpxPEI_bc010,GACTGATA,B,7,
Q3,mpxPEII_bc008,AGGACAGT,mpxPEI_bc010,GACTGATA,B,8,
Q3,mpxPEII_bc009,AATCGTGG,mpxPEI_bc010,GACTGATA,B,9,
Q3,mpxPEII_bc010,GTATCAGT,mpxPEI_bc010,GACTGATA,B,10,
Q3,mpxPEII_bc011,AGCAGATG,mpxPEI_bc010,GACTGATA,B,11,
Q3,mpxPEII_bc012,TCCTAACG,mpxPEI_bc010,GACTGATA,B,12,
Q3,mpxPEII_bc001,TACGAAGT,mpxPEI_bc011,ACATCTGC,C,1,
Q3,mpxPEII_bc002,GACGAGAT,mpxPEI_bc011,ACATCTGC,C,2,
Q3,mpxPEII_bc003,TAGTGGCA,mpxPEI_bc011,ACATCTGC,C,3,
Q3,mpxPEII_bc004,CATTAACG,mpxPEI_bc011,ACATCTGC,C,4,
Q3,mpxPEII_bc005,TCGTTGAA,mpxPEI_bc011,ACATCTGC,C,5,
Q3,mpxPEII_bc006,TAGTACGC,mpxPEI_bc011,ACATCTGC,C,6,
Q3,mpxPEII_bc007,TTCACCGT,mpxPEI_bc011,ACATCTGC,C,7,
Q3,mpxPEII_bc008,AGGACAGT,mpxPEI_bc011,ACATCTGC,C,8,
Q3,mpxPEII_bc009,AATCGTGG,mpxPEI_bc011,ACATCTGC,C,9,
Q3,mpxPEII_bc010,GTATCAGT,mpxPEI_bc011,ACATCTGC,C,10,
Q3,mpxPEII_bc011,AGCAGATG,mpxPEI_bc011,ACATCTGC,C,11,
Q3,mpxPEII_bc012,TCCTAACG,mpxPEI_bc011,ACATCTGC,C,12,
Q3,mpxPEII_bc001,TACGAAGT,mpxPEI_bc012,ACGTTAGG,D,1,
Q3,mpxPEII_bc002,GACGAGAT,mpxPEI_bc012,ACGTTAGG,D,2,
Q3,mpxPEII_bc003,TAGTGGCA,mpxPEI_bc012,ACGTTAGG,D,3,
Q3,mpxPEII_bc004,CATTAACG,mpxPEI_bc012,ACGTTAGG,D,4,
Q3,mpxPEII_bc005,TCGTTGAA,mpxPEI_bc012,ACGTTAGG,D,5,
Q3,mpxPEII_bc006,TAGTACGC,mpxPEI_bc012,ACGTTAGG,D,6,
Q3,mpxPEII_bc007,TTCACCGT,mpxPEI_bc012,ACGTTAGG,D,7,
Q3,mpxPEII_bc008,AGGACAGT,mpxPEI_bc012,ACGTTAGG,D,8,
Q3,mpxPEII_bc009,AATCGTGG,mpxPEI_bc012,ACGTTAGG,D,9,
Q3,mpxPEII_bc010,GTATCAGT,mpxPEI_bc012,ACGTTAGG,D,10,
Q3,mpxPEII_bc011,AGCAGATG,mpxPEI_bc012,ACGTTAGG,D,11,
Q3,mpxPEII_bc012,TCCTAACG,mpxPEI_bc012,ACGTTAGG,D,12,
Q3,mpxPEII_bc001,TACGAAGT,mpxPEI_bc013,CACTAGAC,E,1,
Q3,mpxPEII_bc002,GACGAGAT,mpxPEI_bc013,CACTAGAC,E,2,
Q3,mpxPEII_bc003,TAGTGGCA,mpxPEI_bc013,CACTAGAC,E,3,
Q3,mpxPEII_bc004,CATTAACG,mpxPEI_bc013,CACTAGAC,E,4,
Q3,mpxPEII_bc005,TCGTTGAA,mpxPEI_bc013,CACTAGAC,E,5,
Q3,mpxPEII_bc006,TAGTACGC,mpxPEI_bc013,CACTAGAC,E,6,
Q3,mpxPEII_bc007,TTCACCGT,mpxPEI_bc013,CACTAGAC,E,7,
Q3,mpxPEII_bc008,AGGACAGT,mpxPEI_bc013,CACTAGAC,E,8,
Q3,mpxPEII_bc009,AATCGTGG,mpxPEI_bc013,CACTAGAC,E,9,
Q3,mpxPEII_bc010,GTATCAGT,mpxPEI_bc013,CACTAGAC,E,10,
Q3,mpxPEII_bc011,AGCAGATG,mpxPEI_bc013,CACTAGAC,E,11,
Q3,mpxPEII_bc012,TCCTAACG,mpxPEI_bc013,CACTAGAC,E,12,
Q3,mpxPEII_bc001,TACGAAGT,mpxPEI_bc014,TGGCATTC,F,1,
Q3,mpxPEII_bc002,GACGAGAT,mpxPEI_bc014,TGGCATTC,F,2,
Q3,mpxPEII_bc003,TAGTGGCA,mpxPEI_bc014,TGGCATTC,F,3,
Q3,mpxPEII_bc004,CATTAACG,mpxPEI_bc014,TGGCATTC,F,4,
Q3,mpxPEII_bc005,TCGTTGAA,mpxPEI_bc014,TGGCATTC,F,5,
Q3,mpxPEII_bc006,TAGTACGC,mpxPEI_bc014,TGGCATTC,F,6,
Q3,mpxPEII_bc007,TTCACCGT,mpxPEI_bc014,TGGCATTC,F,7,
Q3,mpxPEII_bc008,AGGACAGT,mpxPEI_bc014,TGGCATTC,F,8,
Q3,mpxPEII_bc009,AATCGTGG,mpxPEI_bc014,TGGCATTC,F,9,
Q3,mpxPEII_bc010,GTATCAGT,mpxPEI_bc014,TGGCATTC,F,10,
Q3,mpxPEII_bc011,AGCAGATG,mpxPEI_bc014,TGGCATTC,F,11,
Q3,mpxPEII_bc012,TCCTAACG,mpxPEI_bc014,TGGCATTC,F,12,
Q3,mpxPEII_bc001,TACGAAGT,mpxPEI_bc015,ACATTGCA,G,1,
Q3,mpxPEII_bc002,GACGAGAT,mpxPEI_bc015,ACATTGCA,G,2,
Q3,mpxPEII_bc003,TAGTGGCA,mpxPEI_bc015,ACATTGCA,G,3,
Q3,mpxPEII_bc004,CATTAACG,mpxPEI_bc015,ACATTGCA,G,4,
Q3,mpxPEII_bc005,TCGTTGAA,mpxPEI_bc015,ACATTGCA,G,5,
Q3,mpxPEII_bc006,TAGTACGC,mpxPEI_bc015,ACATTGCA,G,6,
Q3,mpxPEII_bc007,TTCACCGT,mpxPEI_bc015,ACATTGCA,G,7,
Q3,mpxPEII_bc008,AGGACAGT,mpxPEI_bc015,ACATTGCA,G,8,
Q3,mpxPEII_bc009,AATCGTGG,mpxPEI_bc015,ACATTGCA,G,9,
Q3,mpxPEII_bc010,GTATCAGT,mpxPEI_bc015,ACATTGCA,G,10,
Q3,mpxPEII_bc011,AGCAGATG,mpxPEI_bc015,ACATTGCA,G,11,
Q3,mpxPEII_bc012,TCCTAACG,mpxPEI_bc015,ACATTGCA,G,12,
Q3,mpxPEII_bc001,TACGAAGT,mpxPEI_bc016,TATGCCAC,H,1,
Q3,mpxPEII_bc002,GACGAGAT,mpxPEI_bc016,TATGCCAC,H,2,
Q3,mpxPEII_bc003,TAGTGGCA,mpxPEI_bc016,TATGCCAC,H,3,
Q3,mpxPEII_bc004,CATTAACG,mpxPEI_bc016,TATGCCAC,H,4,
Q3,mpxPEII_bc005,TCGTTGAA,mpxPEI_bc016,TATGCCAC,H,5,
Q3,mpxPEII_bc006,TAGTACGC,mpxPEI_bc016,TATGCCAC,H,6,
Q3,mpxPEII_bc007,TTCACCGT,mpxPEI_bc016,TATGCCAC,H,7,
Q3,mpxPEII_bc008,AGGACAGT,mpxPEI_bc016,TATGCCAC,H,8,
Q3,mpxPEII_bc009,AATCGTGG,mpxPEI_bc016,TATGCCAC,H,9,
Q3,mpxPEII_bc010,GTATCAGT,mpxPEI_bc016,TATGCCAC,H,10,
Q3,mpxPEII_bc011,AGCAGATG,mpxPEI_bc016,TATGCCAC,H,11,
Q3,mpxPEII_bc012,TCCTAACG,mpxPEI_bc016,TATGCCAC,H,12,
Q4,mpxPEII_bc013,TGTCTAGT,mpxPEI_bc009,TCCACGAT,A,1,
Q4,mpxPEII_bc014,TGAATGCC,mpxPEI_bc009,TCCACGAT,A,2,
Q4,mpxPEII_bc015,GTGCAATG,mpxPEI_bc009,TCCACGAT,A,3,
Q4,mpxPEII_bc016,AGTGGCAT,mpxPEI_bc009,TCCACGAT,A,4,
Q4,mpxPEII_bc017,AGTCTACC,mpxPEI_bc009,TCCACGAT,A,5,
Q4,mpxPEII_bc018,ATCGGTAG,mpxPEI_bc009,TCCACGAT,A,6,
Q4,mpxPEII_bc019,CGTATGAT,mpxPEI_bc009,TCCACGAT,A,7,
Q4,mpxPEII_bc020,CTGTCGTA,mpxPEI_bc009,TCCACGAT,A,8,
Q4,mpxPEII_bc021,TCAACTGG,mpxPEI_bc009,TCCACGAT,A,9,
Q4,mpxPEII_bc022,ATCGATCT,mpxPEI_bc009,TCCACGAT,A,10,
Q4,mpxPEII_bc023,GCAACTAT,mpxPEI_bc009,TCCACGAT,A,11,
Q4,mpxPEII_bc024,GATGACTT,mpxPEI_bc009,TCCACGAT,A,12,
Q4,mpxPEII_bc013,TGTCTAGT,mpxPEI_bc010,GACTGATA,B,1,
Q4,mpxPEII_bc014,TGAATGCC,mpxPEI_bc010,GACTGATA,B,2,Yes
Q4,mpxPEII_bc015,GTGCAATG,mpxPEI_bc010,GACTGATA,B,3,
Q4,mpxPEII_bc016,AGTGGCAT,mpxPEI_bc010,GACTGATA,B,4,
Q4,mpxPEII_bc017,AGTCTACC,mpxPEI_bc010,GACTGATA,B,5,
Q4,mpxPEII_bc018,ATCGGTAG,mpxPEI_bc010,GACTGATA,B,6,
Q4,mpxPEII_bc019,CGTATGAT,mpxPEI_bc010,GACTGATA,B,7,
Q4,mpxPEII_bc020,CTGTCGTA,mpxPEI_bc010,GACTGATA,B,8,
Q4,mpxPEII_bc021,TCAACTGG,mpxPEI_bc010,GACTGATA,B,9,
Q4,mpxPEII_bc022,ATCGATCT,mpxPEI_bc010,GACTGATA,B,10,
Q4,mpxPEII_bc023,GCAACTAT,mpxPEI_bc010,GACTGATA,B,11,
Q4,mpxPEII_bc024,GATGACTT,mpxPEI_bc010,GACTGATA,B,12,
Q4,mpxPEII_bc013,TGTCTAGT,mpxPEI_bc011,ACATCTGC,C,1,
Q4,mpxPEII_bc014,TGAATGCC,mpxPEI_bc011,ACATCTGC,C,2,
Q4,mpxPEII_bc015,GTGCAATG,mpxPEI_bc011,ACATCTGC,C,3,Yes
Q4,mpxPEII_bc016,AGTGGCAT,mpxPEI_bc011,ACATCTGC,C,4,
Q4,mpxPEII_bc017,AGTCTACC,mpxPEI_bc011,ACATCTGC,C,5,
Q4,mpxPEII_bc018,ATCGGTAG,mpxPEI_bc011,ACATCTGC,C,6,
Q4,mpxPEII_bc019,CGTATGAT,mpxPEI_bc011,ACATCTGC,C,7,
Q4,mpxPEII_bc020,CTGTCGTA,mpxPEI_bc011,ACATCTGC,C,8,
Q4,mpxPEII_bc021,TCAACTGG,mpxPEI_bc011,ACATCTGC,C,9,
Q4,mpxPEII_bc022,ATCGATCT,mpxPEI_bc011,ACATCTGC,C,10,
Q4,mpxPEII_bc023,GCAACTAT,mpxPEI_bc011,ACATCTGC,C,11,
Q4,mpxPEII_bc024,GATGACTT,mpxPEI_bc011,ACATCTGC,C,12,
Q4,mpxPEII_bc013,TGTCTAGT,mpxPEI_bc012,ACGTTAGG,D,1,
Q4,mpxPEII_bc014,TGAATGCC,mpxPEI_bc012,ACGTTAGG,D,2,
Q4,mpxPEII_bc015,GTGCAATG,mpxPEI_bc012,ACGTTAGG,D,3,
Q4,mpxPEII_bc016,AGTGGCAT,mpxPEI_bc012,ACGTTAGG,D,4,Yes
Q4,mpxPEII_bc017,AGTCTACC,mpxPEI_bc012,ACGTTAGG,D,5,
Q4,mpxPEII_bc018,ATCGGTAG,mpxPEI_bc012,ACGTTAGG,D,6,
Q4,mpxPEII_bc019,CGTATGAT,mpxPEI_bc012,ACGTTAGG,D,7,
Q4,mpxPEII_bc020,CTGTCGTA,mpxPEI_bc012,ACGTTAGG,D,8,
Q4,mpxPEII_bc021,TCAACTGG,mpxPEI_bc012,ACGTTAGG,D,9,
Q4,mpxPEII_bc022,ATCGATCT,mpxPEI_bc012,ACGTTAGG,D,10,
Q4,mpxPEII_bc023,GCAACTAT,mpxPEI_bc012,ACGTTAGG,D,11,
Q4,mpxPEII_bc024,GATGACTT,mpxPEI_bc012,ACGTTAGG,D,12,
Q4,mpxPEII_bc013,TGTCTAGT,mpxPEI_bc013,CACTAGAC,E,1,
Q4,mpxPEII_bc014,TGAATGCC,mpxPEI_bc013,CACTAGAC,E,2,
Q4,mpxPEII_bc015,GTGCAATG,mpxPEI_bc013,CACTAGAC,E,3,
Q4,mpxPEII_bc016,AGTGGCAT,mpxPEI_bc013,CACTAGAC,E,4,
Q4,mpxPEII_bc017,AGTCTACC,mpxPEI_bc013,CACTAGAC,E,5,Yes
Q4,mpxPEII_bc018,ATCGGTAG,mpxPEI_bc013,CACTAGAC,E,6,
Q4,mpxPEII_bc019,CGTATGAT,mpxPEI_bc013,CACTAGAC,E,7,
Q4,mpxPEII_bc020,CTGTCGTA,mpxPEI_bc013,CACTAGAC,E,8,
Q4,mpxPEII_bc021,TCAACTGG,mpxPEI_bc013,CACTAGAC,E,9,
Q4,mpxPEII_bc022,ATCGATCT,mpxPEI_bc013,CACTAGAC,E,10,
Q4,mpxPEII_bc023,GCAACTAT,mpxPEI_bc013,CACTAGAC,E,11,
Q4,mpxPEII_bc024,GATGACTT,mpxPEI_bc013,CACTAGAC,E,12,
Q4,mpxPEII_bc013,TGTCTAGT,mpxPEI_bc014,TGGCATTC,F,1,
Q4,mpxPEII_bc014,TGAATGCC,mpxPEI_bc014,TGGCATTC,F,2,
Q4,mpxPEII_bc015,GTGCAATG,mpxPEI_bc014,TGGCATTC,F,3,
Q4,mpxPEII_bc016,AGTGGCAT,mpxPEI_bc014,TGGCATTC,F,4,
Q4,mpxPEII_bc017,AGTCTACC,mpxPEI_bc014,TGGCATTC,F,5,
Q4,mpxPEII_bc018,ATCGGTAG,mpxPEI_bc014,TGGCATTC,F,6,Yes
Q4,mpxPEII_bc019,CGTATGAT,mpxPEI_bc014,TGGCATTC,F,7,
Q4,mpxPEII_bc020,CTGTCGTA,mpxPEI_bc014,TGGCATTC,F,8,
Q4,mpxPEII_bc021,TCAACTGG,mpxPEI_bc014,TGGCATTC,F,9,
Q4,mpxPEII_bc022,ATCGATCT,mpxPEI_bc014,TGGCATTC,F,10,
Q4,mpxPEII_bc023,GCAACTAT,mpxPEI_bc014,TGGCATTC,F,11,
Q4,mpxPEII_bc024,GATGACTT,mpxPEI_bc014,TGGCATTC,F,12,
Q4,mpxPEII_bc013,TGTCTAGT,mpxPEI_bc015,ACATTGCA,G,1,
Q4,mpxPEII_bc014,TGAATGCC,mpxPEI_bc015,ACATTGCA,G,2,
Q4,mpxPEII_bc015,GTGCAATG,mpxPEI_bc015,ACATTGCA,G,3,
Q4,mpxPEII_bc016,AGTGGCAT,mpxPEI_bc015,ACATTGCA,G,4,
Q4,mpxPEII_bc017,AGTCTACC,mpxPEI_bc015,ACATTGCA,G,5,
Q4,mpxPEII_bc018,ATCGGTAG,mpxPEI_bc015,ACATTGCA,G,6,
Q4,mpxPEII_bc019,CGTATGAT,mpxPEI_bc015,ACATTGCA,G,7,Yes
Q4,mpxPEII_bc020,CTGTCGTA,mpxPEI_bc015,ACATTGCA,G,8,
Q4,mpxPEII_bc021,TCAACTGG,mpxPEI_bc015,ACATTGCA,G,9,
Q4,mpxPEII_bc022,ATCGATCT,mpxPEI_bc015,ACATTGCA,G,10,
Q4,mpxPEII_bc023,GCAACTAT,mpxPEI_bc015,ACATTGCA,G,11,
Q4,mpxPEII_bc024,GATGACTT,mpxPEI_bc015,ACATTGCA,G,12,
Q4,mpxPEII_bc013,TGTCTAGT,mpxPEI_bc016,TATGCCAC,H,1,
Q4,mpxPEII_bc014,TGAATGCC,mpxPEI_bc016,TATGCCAC,H,2,
Q4,mpxPEII_bc015,GTGCAATG,mpxPEI_bc016,TATGCCAC,H,3,
Q4,mpxPEII_bc016,AGTGGCAT,mpxPEI_bc016,TATGCCAC,H,4,
Q4,mpxPEII_bc017,AGTCTACC,mpxPEI_bc016,TATGCCAC,H,5,
Q4,mpxPEII_bc018,ATCGGTAG,mpxPEI_bc016,TATGCCAC,H,6,
Q4,mpxPEII_bc019,CGTATGAT,mpxPEI_bc016,TATGCCAC,H,7,
Q4,mpxPEII_bc020,CTGTCGTA,mpxPEI_bc016,TATGCCAC,H,8,Yes
Q4,mpxPEII_bc021,TCAACTGG,mpxPEI_bc016,TATGCCAC,H,9,
Q4,mpxPEII_bc022,ATCGATCT,mpxPEI_bc016,TATGCCAC,H,10,
Q4,mpxPEII_bc023,GCAACTAT,mpxPEI_bc016,TATGCCAC,H,11,
Q4,mpxPEII_bc024,GATGACTT,mpxPEI_bc016,TATGCCAC,H,12,
