"","Var1","Var2","name"
"2","TAGTGGCA","GACTTCGT","TAGTGGCA_GACTTCGT"
"3","CATTAACG","GACTTCGT","CATTAACG_GACTTCGT"
"4","TCGTTGAA","GACTTCGT","TCGTTGAA_GACTTCGT"
"5","TAGTACGC","GACTTCGT","TAGTACGC_GACTTCGT"
"6","TTCACCGT","GACTTCGT","TTCACCGT_GACTTCGT"
"7","AGGACAGT","GACTTCGT","AGGACAGT_GACTTCGT"
"8","AATCGTGG","GACTTCGT","AATCGTGG_GACTTCGT"
"9","TGAATGCC","GACTTCGT","TGAATGCC_GACTTCGT"
"10","GTGCAATG","GACTTCGT","GTGCAATG_GACTTCGT"
"11","AGTGGCAT","GACTTCGT","AGTGGCAT_GACTTCGT"
"12","AGTCTACC","GACTTCGT","AGTCTACC_GACTTCGT"
"13","ATCGGTAG","GACTTCGT","ATCGGTAG_GACTTCGT"
"14","CGTATGAT","GACTTCGT","CGTATGAT_GACTTCGT"
"15","CTGTCGTA","GACTTCGT","CTGTCGTA_GACTTCGT"
"16","GACGAGAT","AATCTCGT","GACGAGAT_AATCTCGT"
"18","CATTAACG","AATCTCGT","CATTAACG_AATCTCGT"
"19","TCGTTGAA","AATCTCGT","TCGTTGAA_AATCTCGT"
"20","TAGTACGC","AATCTCGT","TAGTACGC_AATCTCGT"
"21","TTCACCGT","AATCTCGT","TTCACCGT_AATCTCGT"
"22","AGGACAGT","AATCTCGT","AGGACAGT_AATCTCGT"
"23","AATCGTGG","AATCTCGT","AATCGTGG_AATCTCGT"
"24","TGAATGCC","AATCTCGT","TGAATGCC_AATCTCGT"
"25","GTGCAATG","AATCTCGT","GTGCAATG_AATCTCGT"
"26","AGTGGCAT","AATCTCGT","AGTGGCAT_AATCTCGT"
"27","AGTCTACC","AATCTCGT","AGTCTACC_AATCTCGT"
"28","ATCGGTAG","AATCTCGT","ATCGGTAG_AATCTCGT"
"29","CGTATGAT","AATCTCGT","CGTATGAT_AATCTCGT"
"30","CTGTCGTA","AATCTCGT","CTGTCGTA_AATCTCGT"
"31","GACGAGAT","TTGCCACT","GACGAGAT_TTGCCACT"
"32","TAGTGGCA","TTGCCACT","TAGTGGCA_TTGCCACT"
"34","TCGTTGAA","TTGCCACT","TCGTTGAA_TTGCCACT"
"35","TAGTACGC","TTGCCACT","TAGTACGC_TTGCCACT"
"36","TTCACCGT","TTGCCACT","TTCACCGT_TTGCCACT"
"37","AGGACAGT","TTGCCACT","AGGACAGT_TTGCCACT"
"38","AATCGTGG","TTGCCACT","AATCGTGG_TTGCCACT"
"39","TGAATGCC","TTGCCACT","TGAATGCC_TTGCCACT"
"40","GTGCAATG","TTGCCACT","GTGCAATG_TTGCCACT"
"41","AGTGGCAT","TTGCCACT","AGTGGCAT_TTGCCACT"
"42","AGTCTACC","TTGCCACT","AGTCTACC_TTGCCACT"
"43","ATCGGTAG","TTGCCACT","ATCGGTAG_TTGCCACT"
"44","CGTATGAT","TTGCCACT","CGTATGAT_TTGCCACT"
"45","CTGTCGTA","TTGCCACT","CTGTCGTA_TTGCCACT"
"46","GACGAGAT","GCGTTAAT","GACGAGAT_GCGTTAAT"
"47","TAGTGGCA","GCGTTAAT","TAGTGGCA_GCGTTAAT"
"48","CATTAACG","GCGTTAAT","CATTAACG_GCGTTAAT"
"50","TAGTACGC","GCGTTAAT","TAGTACGC_GCGTTAAT"
"51","TTCACCGT","GCGTTAAT","TTCACCGT_GCGTTAAT"
"52","AGGACAGT","GCGTTAAT","AGGACAGT_GCGTTAAT"
"53","AATCGTGG","GCGTTAAT","AATCGTGG_GCGTTAAT"
"54","TGAATGCC","GCGTTAAT","TGAATGCC_GCGTTAAT"
"55","GTGCAATG","GCGTTAAT","GTGCAATG_GCGTTAAT"
"56","AGTGGCAT","GCGTTAAT","AGTGGCAT_GCGTTAAT"
"57","AGTCTACC","GCGTTAAT","AGTCTACC_GCGTTAAT"
"58","ATCGGTAG","GCGTTAAT","ATCGGTAG_GCGTTAAT"
"59","CGTATGAT","GCGTTAAT","CGTATGAT_GCGTTAAT"
"60","CTGTCGTA","GCGTTAAT","CTGTCGTA_GCGTTAAT"
"61","GACGAGAT","CTTCAACG","GACGAGAT_CTTCAACG"
"62","TAGTGGCA","CTTCAACG","TAGTGGCA_CTTCAACG"
"63","CATTAACG","CTTCAACG","CATTAACG_CTTCAACG"
"64","TCGTTGAA","CTTCAACG","TCGTTGAA_CTTCAACG"
"66","TTCACCGT","CTTCAACG","TTCACCGT_CTTCAACG"
"67","AGGACAGT","CTTCAACG","AGGACAGT_CTTCAACG"
"68","AATCGTGG","CTTCAACG","AATCGTGG_CTTCAACG"
"69","TGAATGCC","CTTCAACG","TGAATGCC_CTTCAACG"
"70","GTGCAATG","CTTCAACG","GTGCAATG_CTTCAACG"
"71","AGTGGCAT","CTTCAACG","AGTGGCAT_CTTCAACG"
"72","AGTCTACC","CTTCAACG","AGTCTACC_CTTCAACG"
"73","ATCGGTAG","CTTCAACG","ATCGGTAG_CTTCAACG"
"74","CGTATGAT","CTTCAACG","CGTATGAT_CTTCAACG"
"75","CTGTCGTA","CTTCAACG","CTGTCGTA_CTTCAACG"
"76","GACGAGAT","AGCGTACT","GACGAGAT_AGCGTACT"
"77","TAGTGGCA","AGCGTACT","TAGTGGCA_AGCGTACT"
"78","CATTAACG","AGCGTACT","CATTAACG_AGCGTACT"
"79","TCGTTGAA","AGCGTACT","TCGTTGAA_AGCGTACT"
"80","TAGTACGC","AGCGTACT","TAGTACGC_AGCGTACT"
"82","AGGACAGT","AGCGTACT","AGGACAGT_AGCGTACT"
"83","AATCGTGG","AGCGTACT","AATCGTGG_AGCGTACT"
"84","TGAATGCC","AGCGTACT","TGAATGCC_AGCGTACT"
"85","GTGCAATG","AGCGTACT","GTGCAATG_AGCGTACT"
"86","AGTGGCAT","AGCGTACT","AGTGGCAT_AGCGTACT"
"87","AGTCTACC","AGCGTACT","AGTCTACC_AGCGTACT"
"88","ATCGGTAG","AGCGTACT","ATCGGTAG_AGCGTACT"
"89","CGTATGAT","AGCGTACT","CGTATGAT_AGCGTACT"
"90","CTGTCGTA","AGCGTACT","CTGTCGTA_AGCGTACT"
"91","GACGAGAT","TACGGTGA","GACGAGAT_TACGGTGA"
"92","TAGTGGCA","TACGGTGA","TAGTGGCA_TACGGTGA"
"93","CATTAACG","TACGGTGA","CATTAACG_TACGGTGA"
"94","TCGTTGAA","TACGGTGA","TCGTTGAA_TACGGTGA"
"95","TAGTACGC","TACGGTGA","TAGTACGC_TACGGTGA"
"96","TTCACCGT","TACGGTGA","TTCACCGT_TACGGTGA"
"98","AATCGTGG","TACGGTGA","AATCGTGG_TACGGTGA"
"99","TGAATGCC","TACGGTGA","TGAATGCC_TACGGTGA"
"100","GTGCAATG","TACGGTGA","GTGCAATG_TACGGTGA"
"101","AGTGGCAT","TACGGTGA","AGTGGCAT_TACGGTGA"
"102","AGTCTACC","TACGGTGA","AGTCTACC_TACGGTGA"
"103","ATCGGTAG","TACGGTGA","ATCGGTAG_TACGGTGA"
"104","CGTATGAT","TACGGTGA","CGTATGAT_TACGGTGA"
"105","CTGTCGTA","TACGGTGA","CTGTCGTA_TACGGTGA"
"106","GACGAGAT","AACTGTCC","GACGAGAT_AACTGTCC"
"107","TAGTGGCA","AACTGTCC","TAGTGGCA_AACTGTCC"
"108","CATTAACG","AACTGTCC","CATTAACG_AACTGTCC"
"109","TCGTTGAA","AACTGTCC","TCGTTGAA_AACTGTCC"
"110","TAGTACGC","AACTGTCC","TAGTACGC_AACTGTCC"
"111","TTCACCGT","AACTGTCC","TTCACCGT_AACTGTCC"
"112","AGGACAGT","AACTGTCC","AGGACAGT_AACTGTCC"
"114","TGAATGCC","AACTGTCC","TGAATGCC_AACTGTCC"
"115","GTGCAATG","AACTGTCC","GTGCAATG_AACTGTCC"
"116","AGTGGCAT","AACTGTCC","AGTGGCAT_AACTGTCC"
"117","AGTCTACC","AACTGTCC","AGTCTACC_AACTGTCC"
"118","ATCGGTAG","AACTGTCC","ATCGGTAG_AACTGTCC"
"119","CGTATGAT","AACTGTCC","CGTATGAT_AACTGTCC"
"120","CTGTCGTA","AACTGTCC","CTGTCGTA_AACTGTCC"
"121","GACGAGAT","GACTGATA","GACGAGAT_GACTGATA"
"122","TAGTGGCA","GACTGATA","TAGTGGCA_GACTGATA"
"123","CATTAACG","GACTGATA","CATTAACG_GACTGATA"
"124","TCGTTGAA","GACTGATA","TCGTTGAA_GACTGATA"
"125","TAGTACGC","GACTGATA","TAGTACGC_GACTGATA"
"126","TTCACCGT","GACTGATA","TTCACCGT_GACTGATA"
"127","AGGACAGT","GACTGATA","AGGACAGT_GACTGATA"
"128","AATCGTGG","GACTGATA","AATCGTGG_GACTGATA"
"130","GTGCAATG","GACTGATA","GTGCAATG_GACTGATA"
"131","AGTGGCAT","GACTGATA","AGTGGCAT_GACTGATA"
"132","AGTCTACC","GACTGATA","AGTCTACC_GACTGATA"
"133","ATCGGTAG","GACTGATA","ATCGGTAG_GACTGATA"
"134","CGTATGAT","GACTGATA","CGTATGAT_GACTGATA"
"135","CTGTCGTA","GACTGATA","CTGTCGTA_GACTGATA"
"136","GACGAGAT","ACATCTGC","GACGAGAT_ACATCTGC"
"137","TAGTGGCA","ACATCTGC","TAGTGGCA_ACATCTGC"
"138","CATTAACG","ACATCTGC","CATTAACG_ACATCTGC"
"139","TCGTTGAA","ACATCTGC","TCGTTGAA_ACATCTGC"
"140","TAGTACGC","ACATCTGC","TAGTACGC_ACATCTGC"
"141","TTCACCGT","ACATCTGC","TTCACCGT_ACATCTGC"
"142","AGGACAGT","ACATCTGC","AGGACAGT_ACATCTGC"
"143","AATCGTGG","ACATCTGC","AATCGTGG_ACATCTGC"
"144","TGAATGCC","ACATCTGC","TGAATGCC_ACATCTGC"
"146","AGTGGCAT","ACATCTGC","AGTGGCAT_ACATCTGC"
"147","AGTCTACC","ACATCTGC","AGTCTACC_ACATCTGC"
"148","ATCGGTAG","ACATCTGC","ATCGGTAG_ACATCTGC"
"149","CGTATGAT","ACATCTGC","CGTATGAT_ACATCTGC"
"150","CTGTCGTA","ACATCTGC","CTGTCGTA_ACATCTGC"
"151","GACGAGAT","ACGTTAGG","GACGAGAT_ACGTTAGG"
"152","TAGTGGCA","ACGTTAGG","TAGTGGCA_ACGTTAGG"
"153","CATTAACG","ACGTTAGG","CATTAACG_ACGTTAGG"
"154","TCGTTGAA","ACGTTAGG","TCGTTGAA_ACGTTAGG"
"155","TAGTACGC","ACGTTAGG","TAGTACGC_ACGTTAGG"
"156","TTCACCGT","ACGTTAGG","TTCACCGT_ACGTTAGG"
"157","AGGACAGT","ACGTTAGG","AGGACAGT_ACGTTAGG"
"158","AATCGTGG","ACGTTAGG","AATCGTGG_ACGTTAGG"
"159","TGAATGCC","ACGTTAGG","TGAATGCC_ACGTTAGG"
"160","GTGCAATG","ACGTTAGG","GTGCAATG_ACGTTAGG"
"162","AGTCTACC","ACGTTAGG","AGTCTACC_ACGTTAGG"
"163","ATCGGTAG","ACGTTAGG","ATCGGTAG_ACGTTAGG"
"164","CGTATGAT","ACGTTAGG","CGTATGAT_ACGTTAGG"
"165","CTGTCGTA","ACGTTAGG","CTGTCGTA_ACGTTAGG"
"166","GACGAGAT","CACTAGAC","GACGAGAT_CACTAGAC"
"167","TAGTGGCA","CACTAGAC","TAGTGGCA_CACTAGAC"
"168","CATTAACG","CACTAGAC","CATTAACG_CACTAGAC"
"169","TCGTTGAA","CACTAGAC","TCGTTGAA_CACTAGAC"
"170","TAGTACGC","CACTAGAC","TAGTACGC_CACTAGAC"
"171","TTCACCGT","CACTAGAC","TTCACCGT_CACTAGAC"
"172","AGGACAGT","CACTAGAC","AGGACAGT_CACTAGAC"
"173","AATCGTGG","CACTAGAC","AATCGTGG_CACTAGAC"
"174","TGAATGCC","CACTAGAC","TGAATGCC_CACTAGAC"
"175","GTGCAATG","CACTAGAC","GTGCAATG_CACTAGAC"
"176","AGTGGCAT","CACTAGAC","AGTGGCAT_CACTAGAC"
"178","ATCGGTAG","CACTAGAC","ATCGGTAG_CACTAGAC"
"179","CGTATGAT","CACTAGAC","CGTATGAT_CACTAGAC"
"180","CTGTCGTA","CACTAGAC","CTGTCGTA_CACTAGAC"
"181","GACGAGAT","TGGCATTC","GACGAGAT_TGGCATTC"
"182","TAGTGGCA","TGGCATTC","TAGTGGCA_TGGCATTC"
"183","CATTAACG","TGGCATTC","CATTAACG_TGGCATTC"
"184","TCGTTGAA","TGGCATTC","TCGTTGAA_TGGCATTC"
"185","TAGTACGC","TGGCATTC","TAGTACGC_TGGCATTC"
"186","TTCACCGT","TGGCATTC","TTCACCGT_TGGCATTC"
"187","AGGACAGT","TGGCATTC","AGGACAGT_TGGCATTC"
"188","AATCGTGG","TGGCATTC","AATCGTGG_TGGCATTC"
"189","TGAATGCC","TGGCATTC","TGAATGCC_TGGCATTC"
"190","GTGCAATG","TGGCATTC","GTGCAATG_TGGCATTC"
"191","AGTGGCAT","TGGCATTC","AGTGGCAT_TGGCATTC"
"192","AGTCTACC","TGGCATTC","AGTCTACC_TGGCATTC"
"194","CGTATGAT","TGGCATTC","CGTATGAT_TGGCATTC"
"195","CTGTCGTA","TGGCATTC","CTGTCGTA_TGGCATTC"
"196","GACGAGAT","ACATTGCA","GACGAGAT_ACATTGCA"
"197","TAGTGGCA","ACATTGCA","TAGTGGCA_ACATTGCA"
"198","CATTAACG","ACATTGCA","CATTAACG_ACATTGCA"
"199","TCGTTGAA","ACATTGCA","TCGTTGAA_ACATTGCA"
"200","TAGTACGC","ACATTGCA","TAGTACGC_ACATTGCA"
"201","TTCACCGT","ACATTGCA","TTCACCGT_ACATTGCA"
"202","AGGACAGT","ACATTGCA","AGGACAGT_ACATTGCA"
"203","AATCGTGG","ACATTGCA","AATCGTGG_ACATTGCA"
"204","TGAATGCC","ACATTGCA","TGAATGCC_ACATTGCA"
"205","GTGCAATG","ACATTGCA","GTGCAATG_ACATTGCA"
"206","AGTGGCAT","ACATTGCA","AGTGGCAT_ACATTGCA"
"207","AGTCTACC","ACATTGCA","AGTCTACC_ACATTGCA"
"208","ATCGGTAG","ACATTGCA","ATCGGTAG_ACATTGCA"
"210","CTGTCGTA","ACATTGCA","CTGTCGTA_ACATTGCA"
"211","GACGAGAT","TATGCCAC","GACGAGAT_TATGCCAC"
"212","TAGTGGCA","TATGCCAC","TAGTGGCA_TATGCCAC"
"213","CATTAACG","TATGCCAC","CATTAACG_TATGCCAC"
"214","TCGTTGAA","TATGCCAC","TCGTTGAA_TATGCCAC"
"215","TAGTACGC","TATGCCAC","TAGTACGC_TATGCCAC"
"216","TTCACCGT","TATGCCAC","TTCACCGT_TATGCCAC"
"217","AGGACAGT","TATGCCAC","AGGACAGT_TATGCCAC"
"218","AATCGTGG","TATGCCAC","AATCGTGG_TATGCCAC"
"219","TGAATGCC","TATGCCAC","TGAATGCC_TATGCCAC"
"220","GTGCAATG","TATGCCAC","GTGCAATG_TATGCCAC"
"221","AGTGGCAT","TATGCCAC","AGTGGCAT_TATGCCAC"
"222","AGTCTACC","TATGCCAC","AGTCTACC_TATGCCAC"
"223","ATCGGTAG","TATGCCAC","ATCGGTAG_TATGCCAC"
"224","CGTATGAT","TATGCCAC","CGTATGAT_TATGCCAC"
